Service Category 1;Service Category 2;Service Category 3;Project/Program Name;Multi-Year Capital Project Budgets-Previously Approved from Prior Capital Plans;2025 New Multi-Year Capital Project Budgets requests;2025 New Multi-Year Capital Project Budgets requests-Pay-as-you-go;2025 New Multi-Year Capital Project Budgets requests-Borrowing authority-Debt;2025 New Multi-Year Capital Project Budgets requests-Tax_fee funded reserves;2025 New Multi-Year Capital Project Budgets requests-Reserves_CAC_DCL_DBZ_etc;2025 New Multi-Year Capital Project Budgets requests-Connections_servicing conditions;2025 New Multi-Year Capital Project Budgets requests-Partner contributions;Multi-Year Capital Project Budgets-Total Open Project Budget in 2025;Spending Forecast of Total Open Project Budgets till year-end 2024;Available Project Budget in 2025;Annual Capital Expenditure-2025 Capital Expenditure Budget;Annual Capital Expenditure-2026 Forecast;Annual Capital Expenditure-2027 Forecast;Annual Capital Expenditure-2028 Forecast;Annual Capital Expenditure-2029 Forecast
Streets;Building a resilient network;Bridges & structures;Granville Bridge South Approach rehabilitation (Phase 1);12000000;0;0;0;0.0;0;0;0;12000000;363333.25;11636666.75;2000000.0;9636666.75;0.0;0.0;0.0
Streets;Building a resilient network;Bridges & structures;Cambie Bridge Seismic upgrades and Deck rehabilitation;3500000;0;0;0;0.0;0;0;0;3500000;3340299.13;159700.87;159700.87;0.0;0.0;0.0;0.0
Streets;Building a resilient network;Bridges & structures;Cambie Bridge - rehabilitation;3000000;300000;0;0;0.0;0;0;300000;3300000;168779.68;3131220.32;700000.0;1931220.3199999998;500000.0;0.0;0.0
Streets;Building a resilient network;Bridges & structures;Burrard Bridge Tower rehabilitation and coating consulting;500000;0;0;0;0.0;0;0;0;500000;0.0;500000.0;100000.0;400000.0;0.0;0.0;0.0
Streets;Building a resilient network;Bridges & structures;2019-2022 Major Bridge Maintenance;3431479;0;0;0;0.0;0;0;0;3431479;653641.9099999999;0.0;0.0;0.0;0.0;0.0;0.0
Streets;Building a resilient network;Pavement rehabilitation;2019-2022 Arterial Improvements, Congestion & Transit Reliability;3740130;0;0;0;0.0;0;0;0;3740130;1879973.45;0.0;0.0;0.0;0.0;0.0;0.0
Streets;Building a resilient network;Programs;2019-2022 Engineering Project Management Office (PMO) - implementation;2440219;150000;0;0;0.0;0;0;150000;2590219;2238556.64;351662.36;175831.18;175831.18;0.0;0.0;0.0
Streets;Building a resilient network;Street lighting;2019-2022 Street Lighting - Infill;800000;0;0;0;0.0;0;0;0;800000;800000.0;0.0;0.0;0.0;0.0;0.0;0.0
Streets;Building a resilient network;Traffic signals;Traffic Signal Controller replacement;967151;500000;0;350000;0.0;0;0;150000;1467151;347322.08;1119828.92;893351.115;226477.80500000005;0.0;0.0;0.0
Streets;Building a resilient network;Traffic signals;Signal Communication rehabilitation;1200000;600000;0;420000;0.0;0;0;180000;1800000;583807.98;1110475.48;857861.3200000001;252614.15999999997;0.0;0.0;0.0
Streets;Building a resilient network;Traffic signals;Pedestrian & Bike Signal rehabilitation;2800000;1800000;0;1259000;0.0;0;0;541000;4600000;1919684.46;2352362.2;2090241.0;262121.19999999995;0.0;0.0;0.0
Streets;Building a resilient network;Traffic signals;2023-2026 New Signals;2300000;3000000;0;0;0.0;2393000;0;607000;5300000;2300000.0;3000000.0;3000000.0;0.0;0.0;0.0;0.0
Streets;Building a resilient network;Traffic signals;2019-2022 Traffic Signal Controller Replacement;1532849;0;0;0;0.0;0;0;0;1532849;1532849.0;0.0;0.0;0.0;0.0;0.0;0.0
Streets;Building a resilient network;Traffic signals;2019-2022 Traffic Signal LED Replacement;1898689;0;0;0;0.0;0;0;0;1898689;1898689.0;0.0;0.0;0.0;0.0;0.0;0.0
Streets;Building a resilient network;Vehicles & equipment;2023-2026 Electrification of Vehicles & Equipment - Streets;410000;1020000;1020000;0;0.0;0;0;0;1430000;185659.07;1244340.93;530340.9299999999;510000.0;204000.0;0.0;0.0
Streets;Improving mobility;Active transportation corridors & complete streets;Still Creek viewing platform;170000;0;0;0;0.0;0;0;0;170000;0.0;170000.0;170000.0;0.0;0.0;0.0;0.0
Streets;Improving mobility;Active transportation corridors & complete streets;Richards Street Upgrades;11634042;0;0;0;0.0;0;0;0;11634042;11634042.74;0.0;0.0;0.0;0.0;0.0;0.0
Streets;Improving mobility;Active transportation corridors & complete streets;Detailed Design For Arbutus Greenway - Zone 3 And 8;2000000;0;0;0;0.0;0;0;0;2000000;2000000.0;0.0;0.0;0.0;0.0;0.0;0.0
Streets;Improving mobility;Active transportation corridors & complete streets;Climate Emergency Response - Transportation initiatives;5000000;0;0;0;0.0;0;0;0;5000000;5000000.0;0.0;0.0;0.0;0.0;0.0;0.0
Streets;Improving mobility;Active transportation corridors & complete streets;Cambie Corridor Complete Street Improvements - King Edward To 37th;1500000;0;0;0;0.0;0;0;0;1500000;734776.39;765223.61;383280.955;381942.65499999997;0.0;0.0;0.0
Streets;Improving mobility;Active transportation corridors & complete streets;Arbutus Greenway- King Edward/Arbutus;2000000;0;0;0;0.0;0;0;0;2000000;2000000.0;0.0;0.0;0.0;0.0;0.0;0.0
Streets;Improving mobility;Active transportation corridors & complete streets;2019-2022 New Sidewalks;5677317;0;0;0;0.0;0;0;0;5677317;3521041.43;2156276.19;2156276.19;0.0;0.0;0.0;0.0
Streets;Improving mobility;Active transportation corridors & complete streets;2019-2022 Transportation Monitoring and ITS (Intelligent Transportation Systems) Replacement;759500;0;0;0;0.0;0;0;0;759500;759500.0;0.0;0.0;0.0;0.0;0.0;0.0
Streets;Improving mobility;Active transportation corridors & complete streets;2019-2022 Design Investigation - Transportation;1170000;0;0;0;0.0;0;0;0;1170000;1170000.0;0.0;0.0;0.0;0.0;0.0;0.0
Streets;Improving mobility;Active transportation corridors & complete streets;2019-2022 Active Transportation Corridors & Spot Improvements;15853000;0;0;0;0.0;0;0;0;15853000;8281706.29;0.0;0.0;0.0;0.0;0.0;0.0
Streets;Improving mobility;Active transportation corridors & complete streets;2019-2022 Active Transportation - Planning Staffing;4000000;0;0;0;0.0;0;0;0;4000000;4000000.0;0.0;0.0;0.0;0.0;0.0;0.0
Streets;Improving mobility;Active transportation corridors & complete streets;10th Avenue Street Improvement - Health Precinct Phase 2 (From Ash Street To Willow Street);6000000;0;0;0;0.0;0;0;0;6000000;6000000.0;0.0;0.0;0.0;0.0;0.0;0.0
Streets;Improving mobility;Neighbourhood transportation;;0;0;0;0;0.0;0;0;0;0;0.0;0.0;0.0;0.0;0.0;0.0;0.0
Streets;Improving mobility;Neighbourhood transportation;2023-2026 Pedestrian curb ramps;3000000;750000;0;0;0.0;250000;0;500000;3750000;2998176.0;750000.0;750000.0;0.0;0.0;0.0;0.0
Streets;Improving mobility;Transit integration & reliability;Bus Operations & Accessibility;2700000;2000000;0;0;0.0;0;0;2000000;4700000;1796066.9899999998;2903933.0100000002;2903933.01;0.0;0.0;0.0;0.0
Streets;Improving mobility;Transit integration & reliability;Broadway Subway project Office;7800000;0;0;0;0.0;0;0;0;7800000;7800000.0;0.0;0.0;0.0;0.0;0.0;0.0
Streets;Improving mobility;Transit integration & reliability;Broadway Project Office - Provincial Work;200000;0;0;0;0.0;0;0;0;200000;75815.78;124184.22;62092.11;62092.11;0.0;0.0;0.0
Streets;Improving mobility;Transit integration & reliability;2022 Climate Emergency Action dedicated funding - Transit Priority Corridor;500000;0;0;0;0.0;0;0;0;500000;0.0;500000.0;500000.0;0.0;0.0;0.0;0.0
Streets;Improving mobility;Transportation safety & accessibility;Transportation safety & accessibility improvements;3000000;0;0;0;0.0;0;0;0;3000000;244918.98;2755081.02;2755081.02;0.0;0.0;0.0;0.0
Streets;Improving mobility;Transportation safety & accessibility;2023-2026 Arterial & construction management;759870;500000;0;0;0.0;500000;0;0;1259870;587114.21;500000.0;500000.0;0.0;0.0;0.0;0.0
Streets;Improving mobility;Transportation safety & accessibility;2019-2022 School Safety & Active Routes Improvements;3000000;0;0;0;0.0;0;0;0;3000000;1972509.13;0.0;0.0;0.0;0.0;0.0;0.0
Streets;Improving mobility;Transportation safety & accessibility;2019-2022 Neighbourhood Safety Improvements;1975000;0;0;0;0.0;0;0;0;1975000;1754513.12;182340.3799999999;182340.38;0.0;0.0;0.0;0.0
Streets;Improving mobility;Transportation safety & accessibility;2019-2022 At-Grade Rail Crossing Upgrades;2975000;0;0;0;0.0;0;0;0;2975000;1436547.33;0.0;0.0;0.0;0.0;0.0;0.0
Streets;Supporting public life;Commercial high street corridors;;0;0;0;0;0.0;0;0;0;0;0.0;0.0;0.0;0.0;0.0;0.0;0.0
Streets;Supporting public life;Commercial high street corridors;Granville Street Improvements;0;1200000;0;0;1200000.0;0;0;0;1200000;0.0;1200000.0;1200000.0;0.0;0.0;0.0;0.0
Streets;Supporting public life;Commercial high street corridors;Gastown/Water Street - rehabilitation planning & design;3500000;5570000;0;1280000;3613418.0790960453;676581;0;0;9070000;2475572.29;6076332.470000001;6076332.470000001;0.0;0.0;0.0;0.0
Streets;Supporting public life;Commercial high street corridors;Gastown/Water Street - Projects to Increase Host Nations Visibility;300000;0;0;0;0.0;0;0;0;300000;122760.13;177239.87;177239.87;0.0;0.0;0.0;0.0
Streets;Supporting public life;Commercial high street corridors;Design for Robson & Alberni Street Improvements;9500000;0;0;0;0.0;0;0;0;9500000;4812180.07;3443304.990000001;2840000.0;603304.9900000012;0.0;0.0;0.0
Streets;Supporting public life;Curbside vehicle management;;0;0;0;0;0.0;0;0;0;0;0.0;0.0;0.0;0.0;0.0;0.0;0.0
Streets;Supporting public life;Curbside vehicle management;Curbside Vehicle Management;0;3000000;0;0;3000000.0;0;0;0;3000000;0.0;3000000.0;3000000.0;0.0;0.0;0.0;0.0
Streets;Supporting public life;Curbside vehicle management;2019-2022 Metered Parking program;16890000;0;0;0;0.0;0;0;0;16890000;11219086.27;5047024.760000001;5047024.760000001;0.0;0.0;0.0;0.0
Streets;Supporting public life;Public gathering & place making;Comfort Station renewal;700000;0;0;0;0.0;0;0;0;700000;30595.15;6523.789999999921;6523.789999999921;0.0;0.0;0.0;0.0
Streets;Supporting public life;Public gathering & place making;2019-2022 Street Activities (Renewal);2385000;0;0;0;0.0;0;0;0;2385000;1489700.5899999999;0.0;0.0;0.0;0.0;0.0;0.0
Streets;Supporting public life;Public gathering & place making;2019-2022 Street Activities (New);1749999;0;0;0;0.0;0;0;0;1749999;1141254.77;0.0;0.0;0.0;0.0;0.0;0.0
Streets;Supporting public life;Streetscape amenities;;0;0;0;0;0.0;0;0;0;0;0.0;0.0;0.0;0.0;0.0;0.0;0.0
Streets;Supporting public life;Streetscape amenities;Electrical Vehicle (EV) Infrastructure;4450000;0;0;0;0.0;0;0;0;4450000;4450000.0;0.0;0.0;0.0;0.0;0.0;0.0
Streets;Supporting public life;Streetscape amenities;2023-2026 Public realm EV charging infrastructure;1850000;1100000;0;1100000;0.0;0;0;0;2950000;693798.45;2256201.55;1700000.0;556201.55;0.0;0.0;0.0
Streets;Supporting public life;Streetscape amenities;2023-2026 Public realm electrification;2200000;1000000;0;1000000;0.0;0;0;0;3200000;1004066.91;2195933.09;2195933.09;0.0;0.0;0.0;0.0
Streets;Supporting public life;Streetscape amenities;2022 Climate Emergency Action dedicated funding- Public EV Infrastructure;500000;0;0;0;0.0;0;0;0;500000;500000.0;0.0;0.0;0.0;0.0;0.0;0.0
One Water: Potable water, rainwater & sanitary Water*;Potable water;Infrastructure renewal / Asset management;2023-26 Pressure Reducing Valve replacement and refurbishment;100000;300000;300000;0;0.0;0;0;0;400000;35000.0;365000.0;365000.0;0.0;0.0;0.0;0.0
One Water: Potable water, rainwater & sanitary Water*;Potable water;Infrastructure renewal / Asset management;2023-2026 Aging Service replacement;262000;1500000;1500000;0;0.0;0;0;0;1762000;262000.0;1500000.0;1500000.0;0.0;0.0;0.0;0.0
One Water: Potable water, rainwater & sanitary Water*;Potable water;Infrastructure renewal / Asset management;2023 Distribution Main replacement;20000000;0;0;0;0.0;0;0;0;20000000;20000000.0;0.0;0.0;0.0;0.0;0.0;0.0
One Water: Potable water, rainwater & sanitary Water*;Potable water;Infrastructure renewal / Asset management;2019-2022 Telemetry System - New and Replacement;1075825;0;0;0;0.0;0;0;0;1075825;504148.57;571676.44;70000.0;501676.43999999994;0.0;0.0;0.0
One Water: Potable water, rainwater & sanitary Water*;Potable water;Supporting growth & development *;2023-2026 Water upgrades to support growth;940000;2430000;0;0;0.0;2430000;0;0;3370000;903488.98;2466511.02;2466511.02;0.0;0.0;0.0;0.0
One Water: Potable water, rainwater & sanitary Water*;Potable water;Supporting growth & development *;2019-2022 New Water Meters;746000;0;0;0;0.0;0;0;0;746000;727376.62;18623.380000000005;18623.38;0.0;0.0;0.0;0.0
One Water: Potable water, rainwater & sanitary Water*;Potable water;Vehicles & equipment;2023-2026 New Vehicles & Equipment - Water;310000;0;0;0;0.0;0;0;0;310000;278900.76;31099.24;31099.24;0.0;0.0;0.0;0.0
One Water: Potable water, rainwater & sanitary Water*;Potable water;Resilience & climate adaptation;Emergency Preparedness (Post disaster provision of water);75000;100000;100000;0;0.0;0;0;0;175000;0.0;175000.0;175000.0;0.0;0.0;0.0;0.0
One Water: Potable water, rainwater & sanitary Water*;Potable water;Resilience & climate adaptation;2023-2026 Water quality programs;50000;50000;50000;0;0.0;0;0;0;100000;0.0;100000.0;100000.0;0.0;0.0;0.0;0.0
One Water: Potable water, rainwater & sanitary Water*;Potable water;Resilience & climate adaptation;2019-2022 Water Quality Capital;420000;0;0;0;0.0;0;0;0;420000;310333.29000000004;109666.70999999999;109666.70999999999;0.0;0.0;0.0;0.0
One Water: Potable water, rainwater & sanitary Water*;Potable water;Resilience & climate adaptation;2019-2022 System Extension & Minor Improvements (One Water);2750000;0;0;0;0.0;0;0;0;2750000;2750000.0;0.0;0.0;0.0;0.0;0.0;0.0
One Water: Potable water, rainwater & sanitary Water*;Rainwater & sanitary water;Asset management & planning;2023-2026 Water Quality & Green Infrastructure monitoring;473000;412000;147142;147142;0.0;117714;0;0;885000;340537.47000000003;544462.53;544000.0;462.52999999996973;0.0;0.0;0.0
One Water: Potable water, rainwater & sanitary Water*;Rainwater & sanitary water;Asset management & planning;2023-2026 Utility planning;4217000;2600000;929000;928000;0.0;743000;0;0;6817000;2616533.2299999995;4200466.77;2461070.0;1739396.77;0.0;0.0;0.0
One Water: Potable water, rainwater & sanitary Water*;Rainwater & sanitary water;Asset management & planning;2023-2026 Green Infrastructure Asset strategy and planning;392000;204000;70000;70000;0.0;64000;0;0;596000;86340.6;509659.4;250000.0;259659.40000000002;0.0;0.0;0.0
One Water: Potable water, rainwater & sanitary Water*;Rainwater & sanitary water;Asset management & planning;2019-2022 Green Infrastructure Planning;412021;0;0;0;0.0;0;0;0;412021;403857.13;8163.87;0.0;8163.87;0.0;0.0;0.0
One Water: Potable water, rainwater & sanitary Water*;Rainwater & sanitary water;Connections *;2024 New & upgraded connections;3617000;0;0;0;0.0;0;0;0;3617000;2945126.7399999998;0.0;0.0;0.0;0.0;0.0;0.0
One Water: Potable water, rainwater & sanitary Water*;Rainwater & sanitary water;Connections *;2023-2026 Sewer Residential and Commercial Connections;9055000;0;0;0;0.0;0;0;0;9055000;2209022.06;6845977.94;345977.9400000004;6500000.0;0.0;0.0;0.0
One Water: Potable water, rainwater & sanitary Water*;Rainwater & sanitary water;Connections *;2023-2026 New & upgraded connections;11215000;0;0;0;0.0;0;0;0;11215000;5804905.15;3675464.5599999996;175464.5599999996;3500000.0;0.0;0.0;0.0
One Water: Potable water, rainwater & sanitary Water*;Rainwater & sanitary water;Connections *;2019-2022 Sewer & Water Combined Connections;72592000;0;0;0;0.0;0;0;0;72592000;67008598.36;2092288.43;2092288.43;0.0;0.0;0.0;0.0
One Water: Potable water, rainwater & sanitary Water*;Rainwater & sanitary water;Core network;Tidal Gates replacement;1700000;0;0;0;0.0;0;0;0;1700000;753055.25;848167.5;525000.0;323167.5;0.0;0.0;0.0
One Water: Potable water, rainwater & sanitary Water*;Rainwater & sanitary water;Core network;2023-2026 Targeted Combined Sewer Overflow (CSO) reduction- South West Marine Drive;1900000;0;0;0;0.0;0;0;0;1900000;1261.13;1896457.02;100000.0;1796457.02;0.0;0.0;0.0
One Water: Potable water, rainwater & sanitary Water*;Rainwater & sanitary water;Core network;2023-2026 Sewer upgrades to support growth - Alberta Trunk project;5000000;12000000;0;0;0.0;12000000;0;0;17000000;646778.5900000001;16353221.41;13353221.41;3000000.0;0.0;0.0;0.0
One Water: Potable water, rainwater & sanitary Water*;Rainwater & sanitary water;Core network;2023-2026 Sewer Maintenance and replacement other;6850000;7300000;3650000;3650000;0.0;0;0;0;14150000;4942097.9399999995;7514221.32;5665221.32;1849000.0;0.0;0.0;0.0
One Water: Potable water, rainwater & sanitary Water*;Rainwater & sanitary water;Core network;2023-2026 Sewer Main renewal- Other projects;12000000;4040000;2020000;2020000;0.0;0;0;0;16040000;7500000.0;5333404.74;3333404.74;2000000.0;0.0;0.0;0.0
One Water: Potable water, rainwater & sanitary Water*;Rainwater & sanitary water;Core network;2023-2026 Sewer Main renewal- Hastings Sunrise Catchment area;20000000;1490000;612000;878000;0.0;0;0;0;21490000;14488757.09;7001242.909999999;4032005.5199999996;2969237.3899999997;0.0;0.0;0.0
One Water: Potable water, rainwater & sanitary Water*;Rainwater & sanitary water;Core network;2023-2026 Sewer Main renewal- Balaclava Catchment area;31250000;11902000;4887000;7015000;0.0;0;0;0;43152000;22262860.01;20889139.99;7987139.989999998;12902000.0;0.0;0.0;0.0
One Water: Potable water, rainwater & sanitary Water*;Rainwater & sanitary water;Core network;2023-2026 Sewer Main renewal - Angus Catchment area;250000;19935000;8186000;11749000;0.0;0;0;0;20185000;185000.0;20000000.0;10065000.0;9935000.0;0.0;0.0;0.0
One Water: Potable water, rainwater & sanitary Water*;Rainwater & sanitary water;Core network;2023-2026 Sewer and Drainage planning for Combined Sewer Overflow (CSO) elimination;875000;500000;211538;211538;0.0;76923;0;0;1375000;268645.14;1106354.8599999999;403500.0;502854.86;200000.0;0.0;0.0
One Water: Potable water, rainwater & sanitary Water*;Rainwater & sanitary water;Core network;2023-2026 Pump Station renewal & upgrade - Nelson;0;300000;300000;0;0.0;0;0;0;300000;0.0;300000.0;300000.0;0.0;0.0;0.0;0.0
One Water: Potable water, rainwater & sanitary Water*;Rainwater & sanitary water;Core network;2023-2026 Green Infrastructure renewal & upgrades - Other projects;300000;25000;13000;12000;0.0;0;0;0;325000;300000.0;25000.0;25000.0;0.0;0.0;0.0;0.0
One Water: Potable water, rainwater & sanitary Water*;Rainwater & sanitary water;Core network;2023-2026 Flood & Watershed Planning;3308000;0;0;0;0.0;0;0;0;3308000;933605.28;2374394.7199999997;1581380.0;793014.7200000002;0.0;0.0;0.0
One Water: Potable water, rainwater & sanitary Water*;Rainwater & sanitary water;Core network;2019-2022 Growth-Related Utility upgrades - Sewer;28697500;0;0;0;0.0;0;0;0;28697500;19483926.03;4660184.929999999;3601519.37;1058665.5599999987;0.0;0.0;0.0
One Water: Potable water, rainwater & sanitary Water*;Rainwater & sanitary water;Core network;2019-2022 Growth related Utility upgrades - Green Infrastructure;8655252;0;0;0;0.0;0;0;0;8655252;5953664.61;2701587.3900000006;2701587.39;0.0;0.0;0.0;0.0
One Water: Potable water, rainwater & sanitary Water*;Rainwater & sanitary water;Core network;2019-2022 Green Infrastructure Asset renewal;730491;0;0;0;0.0;0;0;0;730491;730491.0;0.0;0.0;0.0;0.0;0.0;0.0
One Water: Potable water, rainwater & sanitary Water*;Rainwater & sanitary water;Core network;2019-2022 Forcemain rehabilitation/renewal;1336000;0;0;0;0.0;0;0;0;1336000;1053641.5;174579.21000000002;174579.21000000002;0.0;0.0;0.0;0.0
One Water: Potable water, rainwater & sanitary Water*;Rainwater & sanitary water;Vehicles & equipment;2023-2026 Replacement of Vehicles & Equipment - Sewers;6240000;4540000;0;0;4540000.0;0;0;0;10780000;3689573.56;7090426.4399999995;3912426.44;2270000.0;908000.0;0.0;0.0
Waste collection, diversion & disposal;Collection & cleaning;Collection & public realm cleaning programs;2023-2026 Technological enhancements;1000000;213000;213000;0;0.0;0;0;0;1213000;462992.04000000004;750007.9600000001;750007.96;0.0;0.0;0.0;0.0
Waste collection, diversion & disposal;Collection & cleaning;Collection & public realm cleaning programs;2023-2026 Replacement of Vehicles & Equipment - Sanitation;16880000;12000000;0;0;12000000.0;0;0;0;28880000;2500239.75;26379760.25;3100000.0;20879760.25;2400000.0;0.0;0.0
Waste collection, diversion & disposal;Collection & cleaning;Collection & public realm cleaning programs;2023-2026 New Vehicles & Equipment - Sanitation;470000;460000;460000;0;0.0;0;0;0;930000;290875.19;639124.81;317124.81;230000.0;92000.0;0.0;0.0
Waste collection, diversion & disposal;Collection & cleaning;Collection & public realm cleaning programs;2023-2026 Electrification of Vehicles & Equipment - Sanitation;80000;730000;730000;0;0.0;0;0;0;810000;11242.75;798757.25;287757.25;365000.0;146000.0;0.0;0.0
Waste collection, diversion & disposal;Collection & cleaning;Collection & public realm cleaning programs;2019-2022 Replacement of Vehicles & Equipment - Sanitation;12617000;0;0;0;0.0;0;0;0;12617000;10794511.739999998;1822488.2600000002;1822488.2599999998;0.0;0.0;0.0;0.0
Waste collection, diversion & disposal;Disposal;Landfill non-closure;Vancouver Landfill Entrance Renovations;2300000;0;0;0;0.0;0;0;0;2300000;1418155.04;881844.9600000001;881844.96;0.0;0.0;0.0;0.0
Waste collection, diversion & disposal;Disposal;Landfill non-closure;2023-2026 Gas Collection Infrastructure;12924000;2900000;2900000;0;0.0;0;0;0;15824000;8828608.12;6995391.880000001;4695391.88;1100000.0;600000.0;600000.0;0.0
Waste collection, diversion & disposal;Disposal;Landfill non-closure;2019-2022 Vancouver Landfill Hydrogeological Monitoring;2386208;0;0;0;0.0;0;0;0;2386208;1250826.49;1135381.51;985381.51;150000.0;0.0;0.0;0.0
Waste collection, diversion & disposal;Disposal;Vehicles & equipment;2019-2022 Replacement of Vehicles & Equipment - Disposal;14500000;0;0;0;0.0;0;0;0;14500000;14500000.0;0.0;0.0;0.0;0.0;0.0;0.0
Streets;Building a resilient network;Bridges & structures;Senakw - Burrard Bridge Structural Review;230000;75000;0;0;0.0;0;0;75000;305000;230000.0;75000.0;75000.0;0.0;0.0;0.0;0.0
Streets;Building a resilient network;Bridges & structures;Granville Bridge upgrade - North/South;8148000;0;0;0;0.0;0;0;0;8148000;7835033.72;312966.28;312966.28;0.0;0.0;0.0;0.0
Streets;Building a resilient network;Bridges & structures;Granville Bridge structural steel repairs & recoating (Phase 2);34300000;1150000;0;0;900000.0;0;0;250000;35450000;1139687.02;34310312.980000004;550000.0;33760312.980000004;0.0;0.0;0.0
Streets;Building a resilient network;Bridges & structures;Granville Bridge Means Prevention;0;150000;0;0;0.0;0;0;150000;150000;0.0;150000.0;150000.0;0.0;0.0;0.0;0.0
Streets;Building a resilient network;Bridges & structures;Granville Bridge Greenways;19000000;0;0;0;0.0;0;0;0;19000000;17056876.060000002;1943123.9399999995;1943123.9400000004;0.0;0.0;0.0;0.0
Streets;Building a resilient network;Bridges & structures;2023-2026 Retaining wall & slope rehabilitation;1260000;50000;0;50000;0.0;0;0;0;1310000;659473.0;650527.0000000001;380000.0;270527.0;0.0;0.0;0.0
Streets;Building a resilient network;Bridges & structures;2023-2026 General Bridge rehabilitation program;5750000;0;0;0;0.0;0;0;0;5750000;3106998.93;2643001.07;2000000.0;643001.0699999998;0.0;0.0;0.0
Streets;Building a resilient network;Pavement rehabilitation;2023-2026 MRN (Major Road Network) rehabilitation;14250000;6000000;0;0;0.0;0;0;6000000;20250000;10088006.79;10161993.21;8661993.21;1500000.0;0.0;0.0;0.0
Streets;Building a resilient network;Street lighting;Street Lighting & Pole - rehabilitation;4750000;2375000;0;2140000;0.0;0;0;235000;7125000;3200274.37;3393207.9499999997;3393207.9499999997;0.0;0.0;0.0;0.0
Streets;Building a resilient network;Street lighting;Service Panels & Kiosks - rehabilitation;400000;400000;0;360000;0.0;0;0;40000;800000;400000.0;400000.0;300000.0;100000.0;0.0;0.0;0.0
Streets;Building a resilient network;Street lighting;Light Fixture Arm - rehabilitation;750000;575000;0;518000;0.0;0;0;57000;1325000;677738.92;647261.08;647261.08;0.0;0.0;0.0;0.0
Streets;Building a resilient network;Street lighting;Fixtures – Decorative/Pedestrian Scale;2000000;1000000;0;901000;0.0;0;0;99000;3000000;1706961.44;1293038.56;1293038.56;0.0;0.0;0.0;0.0
Streets;Building a resilient network;Street lighting;2023-2026 Trolley Pole replacement;2750000;1600000;0;1600000;0.0;0;0;0;4350000;2750000.0;1600000.0;1600000.0;0.0;0.0;0.0;0.0
Streets;Building a resilient network;Street lighting;2023-2026 New Street Lighting;500000;500000;0;0;0.0;500000;0;0;1000000;500000.0;500000.0;500000.0;0.0;0.0;0.0;0.0
Streets;Building a resilient network;Street lighting;2019-2022 LED Fixture Electrification Sensors;900000;0;0;0;0.0;0;0;0;900000;0.0;900000.0;500000.0;400000.0;0.0;0.0;0.0
Streets;Building a resilient network;Traffic signals;;0;0;0;0;0.0;0;0;0;0;0.0;0.0;0.0;0.0;0.0;0.0;0.0
Streets;Building a resilient network;Traffic signals;Traffic Signal LED replacement;700000;650000;0;455000;0.0;0;0;195000;1350000;700000.0;650000.0;650000.0;0.0;0.0;0.0;0.0
Streets;Building a resilient network;Traffic signals;2023-2026 Signal rehabilitation;8300000;2350000;0;1644000;0.0;0;0;706000;10650000;7904439.92;2350000.0;2350000.0;0.0;0.0;0.0;0.0
Streets;Building a resilient network;Traffic signals;2019-2022 Signal Communication rehabilitation;1750000;0;0;0;0.0;0;0;0;1750000;1019121.58;0.0;0.0;0.0;0.0;0.0;0.0
Streets;Building a resilient network;Vehicles & equipment;2023-2026 New Vehicles & Equipment - Streets;2500000;0;0;0;0.0;0;0;0;2500000;2071685.8;428314.2;428314.2;0.0;0.0;0.0;0.0
Streets;Improving mobility;Active transportation corridors & complete streets;Upgrades to Active Transportation Network;7500000;6200000;0;0;0.0;3600000;0;2600000;13700000;6139626.73;6200000.0;5000000.0;1200000.0;0.0;0.0;0.0
Streets;Improving mobility;Active transportation corridors & complete streets;Transportation monitoring;2000000;1000000;10000;0;0.0;990000;0;0;3000000;436671.98;1145995.3800000001;1145995.3800000001;0.0;0.0;0.0;0.0
Streets;Improving mobility;Active transportation corridors & complete streets;New Active Transportation improvements- Drake street;3500000;0;0;0;0.0;0;0;0;3500000;1225883.0;2274117.0;2274000.0;117.0;0.0;0.0;0.0
Streets;Improving mobility;Active transportation corridors & complete streets;2023-2026 Active Transportation & Complete streets - Portside Greenway;1300000;0;0;0;0.0;0;0;0;1300000;28725.22;1271274.78;300000.0;971274.78;0.0;0.0;0.0
Streets;Improving mobility;Active transportation corridors & complete streets;2023-2026 Active Transportation - Beatty Street;4000000;1000000;0;0;0.0;500000;0;500000;5000000;168379.55;4831620.45;4831000.45;620.0;0.0;0.0;0.0
Streets;Improving mobility;Active transportation corridors & complete streets;2023-2026 New sidewalks;0;4250000;0;0;0.0;2750000;0;1500000;4250000;0.0;4250000.0;3000000.0;1250000.0;0.0;0.0;0.0
Streets;Improving mobility;Neighbourhood transportation;2023-2026 Neighbourhood traffic management & spot improvements;750000;500000;0;0;0.0;375000;0;125000;1250000;118994.17000000001;1131005.83;731098.83;399907.0;0.0;0.0;0.0
Streets;Improving mobility;Transit integration & reliability;;0;0;0;0;0.0;0;0;0;0;0.0;0.0;0.0;0.0;0.0;0.0;0.0
Streets;Improving mobility;Transit integration & reliability;Rapid Transit - staffing;3250000;1825000;0;0;0.0;1250000;0;575000;5075000;3250000.0;1825000.0;1825000.0;0.0;0.0;0.0;0.0
Streets;Improving mobility;Transit integration & reliability;2023-2026 Bus transit improvements;2200000;3300000;0;0;0.0;0;0;3300000;5500000;477181.66;4907532.33;4907532.33;0.0;0.0;0.0;0.0
Streets;Improving mobility;Transit integration & reliability;2019-2022 Trolley Route Rerouting;5050000;0;0;0;0.0;0;0;0;5050000;4624152.38;0.0;0.0;0.0;0.0;0.0;0.0
Streets;Improving mobility;Transit integration & reliability;2019-2022 Transit Related Improvements;7019760;0;0;0;0.0;0;0;0;7019760;4738139.24;0.0;0.0;0.0;0.0;0.0;0.0
Streets;Improving mobility;Transportation safety & accessibility;2023-2026 Transportation Safety;1500000;3000000;0;0;900000.0;450000;0;1650000;4500000;1464008.1800000002;3000000.0;3000000.0;0.0;0.0;0.0;0.0
Streets;Improving mobility;Transportation safety & accessibility;2023-2026 School program;1650000;750000;0;0;0.0;750000;0;0;2400000;783706.12;1527805.3399999999;1233895.878;293909.46200000006;0.0;0.0;0.0
Streets;Improving mobility;Transportation safety & accessibility;2023-2026 At-Grade Rail Crossings;2500000;1250000;0;375000;0.0;625000;0;250000;3750000;1711366.15;1692731.48;1471365.74;221365.74;0.0;0.0;0.0
Streets;Improving mobility;Transportation safety & accessibility;2022 Climate Emergency Action dedicated funding- Slow Streets;350000;0;0;0;0.0;0;0;0;350000;67018.03000000003;0.0;0.0;0.0;0.0;0.0;0.0
Streets;Supporting public life;Transportation safety & accessibility;;0;0;0;0;0.0;0;0;0;0;0.0;0.0;0.0;0.0;0.0;0.0;0.0
Streets;Supporting public life;Commercial high street corridors;West End public space & transportation improvements: Neighbourhood Improvements;400000;4700000;0;0;0.0;4700000;0;0;5100000;400000.0;4700000.0;4700000.0;0.0;0.0;0.0;0.0
Streets;Supporting public life;Commercial high street corridors;Gastown/Water Street - Near term repairs & reconstruction;4500000;1500000;0;345000;973000.0;182000;0;0;6000000;3291348.67;2708651.33;2708651.33;0.0;0.0;0.0;0.0
Streets;Supporting public life;Public gathering & place making;2023-2026 Gathering Places;12900000;2900000;0;0;0.0;2900000;0;0;15800000;2595160.55;13101639.0;12201639.0;900000.0;0.0;0.0;0.0
Streets;Supporting public life;Public gathering & place making;2023-2026 Equity and Cultural Redress staffing;1000000;1000000;0;0;0.0;1000000;0;0;2000000;876713.44;1000000.0;1000000.0;0.0;0.0;0.0;0.0
Streets;Supporting public life;Streetscape amenities;Uplifting Communities;0;3000000;0;0;3000000.0;0;0;0;3000000;0.0;3000000.0;3000000.0;0.0;0.0;0.0;0.0
Streets;Supporting public life;Streetscape amenities;Curbside Electrical Power Supply;1800000;0;0;0;0.0;0;0;0;1800000;2048393.0;0.0;0.0;0.0;0.0;0.0;0.0
Streets;Supporting public life;Streetscape amenities;Climate Emergency Response - Curbside electrical power supply;3062500;0;0;0;0.0;0;0;0;3062500;1061268.25;1851231.75;1500000.0;351231.75;0.0;0.0;0.0
Streets;Supporting public life;Streetscape amenities;2023-2026 Horticulture;500000;430000;430000;0;0.0;0;0;0;930000;259994.26;670005.74;670005.74;0.0;0.0;0.0;0.0
Streets;Supporting public life;Streetscape amenities;2022 Climate Emergency Action dedicated funding - EV Fleet & Infrastructure;2000000;0;0;0;0.0;0;0;0;2000000;2000000.0;0.0;0.0;0.0;0.0;0.0;0.0
Streets;Supporting public life;Washrooms;;0;0;0;0;0.0;0;0;0;0;0.0;0.0;0.0;0.0;0.0;0.0;0.0
Streets;Supporting public life;Washrooms;Accessible Public Washrooms - Charleson Park;327341;0;0;0;0.0;0;0;0;327341;0.0;327341.0;163670.5;163670.5;0.0;0.0;0.0
One Water: Potable water, rainwater & sanitary Water*;Potable water;Infrastructure renewal / Asset management;2025 Transmission Main - Arbutus;0;2500000;2500000;0;0.0;0;0;0;2500000;0.0;2500000.0;2500000.0;0.0;0.0;0.0;0.0
One Water: Potable water, rainwater & sanitary Water*;Potable water;Infrastructure renewal / Asset management;2023-2026 Aging Meter replacement;1280000;1200000;1200000;0;0.0;0;0;0;2480000;1027099.88;1452900.12;1131900.12;321000.0;0.0;0.0;0.0
One Water: Potable water, rainwater & sanitary Water*;Potable water;Infrastructure renewal / Asset management;2019-2022 Distribution Main replacement;14678727;0;0;0;0.0;0;0;0;14678727;14678727.0;0.0;0.0;0.0;0.0;0.0;0.0
One Water: Potable water, rainwater & sanitary Water*;Potable water;Infrastructure renewal / Asset management;2019-2022 Aging Water Meter replacement;9408125;0;0;0;0.0;0;0;0;9408125;9408125.0;0.0;0.0;0.0;0.0;0.0;0.0
One Water: Potable water, rainwater & sanitary Water*;Potable water;Supporting growth & development *;2023 Connection upgrades to support growth;9380000;0;0;0;0.0;0;0;0;9380000;6588009.6;2146564.3000000007;2146564.3000000007;0.0;0.0;0.0;0.0
One Water: Potable water, rainwater & sanitary Water*;Potable water;Vehicles & equipment;2023-2026 Replacement of Vehicles & Equipment - Water;2090000;0;0;0;0.0;0;0;0;2090000;1343473.22;746526.78;746526.78;0.0;0.0;0.0;0.0
One Water: Potable water, rainwater & sanitary Water*;Potable water;Vehicles & equipment;2023-2026 Electrification of Vehicles & Equipment - Water;200000;0;0;0;0.0;0;0;0;200000;10000.0;190000.0;190000.0;0.0;0.0;0.0;0.0
One Water: Potable water, rainwater & sanitary Water*;Potable water;Resilience & climate adaptation;2023-2026 Water Seismic Resilience upgrade program;231000;1000000;1000000;0;0.0;0;0;0;1231000;0.0;1231000.0;1231000.0;0.0;0.0;0.0;0.0
One Water: Potable water, rainwater & sanitary Water*;Potable water;Resilience & climate adaptation;2023-2026 Drinking Water demand management;20500000;0;0;0;0.0;0;0;0;20500000;187116.39;20312883.61;7000000.0;13312883.61;0.0;0.0;0.0
One Water: Potable water, rainwater & sanitary Water*;Potable water;Resilience & climate adaptation;2023-2026 Access To Water;300000;200000;200000;0;0.0;0;0;0;500000;280652.49;219347.51;219347.51;0.0;0.0;0.0;0.0
One Water: Potable water, rainwater & sanitary Water*;Potable water;Resilience & climate adaptation;2019-2022 Water Pressure and Loss Management;554000;0;0;0;0.0;0;0;0;554000;554000.0;0.0;0.0;0.0;0.0;0.0;0.0
One Water: Potable water, rainwater & sanitary Water*;Potable water;Resilience & climate adaptation;2019-2022 Emergency Preparedness (One Water);175000;0;0;0;0.0;0;0;0;175000;130000.0;45000.0;45000.0;0.0;0.0;0.0;0.0
One Water: Potable water, rainwater & sanitary Water*;Rainwater & sanitary water;Asset management & planning;2023-2026 Sewer asset inspections & monitoring;3425000;1870000;668000;668000;0.0;534000;0;0;5295000;2694401.2800000003;2600598.7199999997;2600598.7199999997;0.0;0.0;0.0;0.0
One Water: Potable water, rainwater & sanitary Water*;Rainwater & sanitary water;Asset management & planning;2023-2026 Rain & Ground Water planning;2600000;0;0;0;0.0;0;0;0;2600000;1125692.0;1474308.0;800000.0;674308.0;0.0;0.0;0.0
One Water: Potable water, rainwater & sanitary Water*;Rainwater & sanitary water;Asset management & planning;2019-2022 Utility Modeling;9211333;0;0;0;0.0;0;0;0;9211333;9006918.94;204414.05999999994;116606.0;87808.06000000006;0.0;0.0;0.0
One Water: Potable water, rainwater & sanitary Water*;Rainwater & sanitary water;Connections *;2023-2026 Aging Sewer Connections;3200000;1400000;700000;700000;0.0;0;0;0;4600000;1031312.77;2206918.86;2206918.86;0.0;0.0;0.0;0.0
One Water: Potable water, rainwater & sanitary Water*;Rainwater & sanitary water;Core network;Cambie Sheetpile Wall Decommissioning;1500000;6000000;2250000;3750000;0.0;0;0;0;7500000;750000.0;6750000.0;1750000.0;5000000.0;0.0;0.0;0.0
One Water: Potable water, rainwater & sanitary Water*;Rainwater & sanitary water;Core network;Affordable Housing related Sewer upgrades;11630080;0;0;0;0.0;0;0;0;11630080;0.0;11630080.0;0.0;11630080.0;0.0;0.0;0.0
One Water: Potable water, rainwater & sanitary Water*;Rainwater & sanitary water;Core network;2023-2026 Sewer Main renewal- Cambie/ Heather Catchment area;19700000;0;0;0;0.0;0;0;0;19700000;3838310.62;15861689.38;6300000.0;9561689.38;0.0;0.0;0.0
One Water: Potable water, rainwater & sanitary Water*;Rainwater & sanitary water;Core network;2023-2026 Sewer Main renewal - Grandview Catchment area;11000000;26120000;10725000;15395000;0.0;0;0;0;37120000;7057459.11;30062540.89;942540.8899999997;29120000.0;0.0;0.0;0.0
One Water: Potable water, rainwater & sanitary Water*;Rainwater & sanitary water;Core network;2023-2026 Pump Station renewals & upgrades;14735000;1200000;1200000;0;0.0;0;0;0;15935000;511793.54;15420229.61;2413091.6550000003;13007137.955;0.0;0.0;0.0
One Water: Potable water, rainwater & sanitary Water*;Rainwater & sanitary water;Core network;2023 Green Infrastructure renewal & upgrades - Watershed projects;4700000;0;0;0;0.0;0;0;0;4700000;1058353.82;3641646.18;3641646.18;0.0;0.0;0.0;0.0
One Water: Potable water, rainwater & sanitary Water*;Rainwater & sanitary water;Core network;2023 Green Infrastructure renewal & upgrades -  Complete street project;6610000;0;0;0;0.0;0;0;0;6610000;4124.48;6605875.52;0.0;2000000.0;4605875.52;0.0;0.0
One Water: Potable water, rainwater & sanitary Water*;Rainwater & sanitary water;Core network;2019-2022 Upgrades & replacement - Pump Station;32680000;0;0;0;0.0;0;0;0;32680000;18176850.84;14257841.870000001;7000000.0;5000000.0;2257841.870000001;0.0;0.0
One Water: Potable water, rainwater & sanitary Water*;Rainwater & sanitary water;Core network;2019-2022 Sewer Separation On Private Property;5221641;0;0;0;0.0;0;0;0;5221641;918935.91;241335.18000000017;241335.18000000017;0.0;0.0;0.0;0.0
One Water: Potable water, rainwater & sanitary Water*;Rainwater & sanitary water;Core network;2019-2022 Flood Management - Drainage Studies/Outfalls;4037000;0;0;0;0.0;0;0;0;4037000;2495670.98;1541329.02;1230000.0;311329.02;0.0;0.0;0.0
One Water: Potable water, rainwater & sanitary Water*;Rainwater & sanitary water;Vehicles & equipment;2023-2026 New Vehicles & Equipment - Sewers;1950000;0;0;0;0.0;0;0;0;1950000;580762.28;1369237.72;1369237.72;0.0;0.0;0.0;0.0
One Water: Potable water, rainwater & sanitary Water*;Rainwater & sanitary water;Vehicles & equipment;2023-2026 Electrification of Vehicles & Equipment - Sewers;500000;0;0;0;0.0;0;0;0;500000;0.0;500000.0;500000.0;0.0;0.0;0.0;0.0
One Water: Potable water, rainwater & sanitary Water*;Rainwater & sanitary water;Vehicles & equipment;2019-2022 Replacement of Vehicles & Equipment - Engineering Services;34243000;0;0;0;0.0;0;0;0;34243000;33060511.669999998;1182488.33;1182488.33;0.0;0.0;0.0;0.0
Waste collection, diversion & disposal;Collection & cleaning;Collection & public realm cleaning programs;Technology Improvements To Automated Cart Collection Management Application (ACCMA);1500000;0;0;0;0.0;0;0;0;1500000;1459824.31;40175.69;40175.69;0.0;0.0;0.0;0.0
Waste collection, diversion & disposal;Collection & cleaning;Public realm infrastructure;;3650000;350000;350000;0;0.0;0;0;0;4000000;2865495.17;460815.1;460815.1;0.0;0.0;0.0;0.0
Waste collection, diversion & disposal;Disposal;Landfill non-closure;Vancouver Landfill Building renovations/upgrades;500000;0;0;0;0.0;0;0;0;500000;77400.0;422600.0;422600.0;0.0;0.0;0.0;0.0
Waste collection, diversion & disposal;Disposal;Landfill non-closure;City Lay Down Area Clean Up;300000;0;0;0;0.0;0;0;0;300000;126639.16;99153.26;99153.26;0.0;0.0;0.0;0.0
Waste collection, diversion & disposal;Disposal;Landfill non-closure;2023-2026 Vancouver Landfill maintenance / renovations / upgrades;5150000;750000;750000;0;0.0;0;0;0;5900000;2087552.7000000002;3812447.3;3562447.3;250000.0;0.0;0.0;0.0
Waste collection, diversion & disposal;Disposal;Vehicles & equipment;2023-2026 New Vehicles & Equipment - Disposal;73000;0;0;0;0.0;0;0;0;73000;73000.0;0.0;0.0;0.0;0.0;0.0;0.0
Streets;Building a resilient network;Bridges & structures;Viaducts Replacement/Northeast False Creek Redevelopment;36977084;0;0;0;0.0;0;0;0;36977084;34132606.900000006;2844477.0999999996;170000.0;170000.0;2504477.1;0.0;0.0
Streets;Building a resilient network;Bridges & structures;Sen̓áḵw Engineering studies;1850000;1000000;0;0;0.0;0;0;1000000;2850000;378154.1;2447013.98;2447013.98;0.0;0.0;0.0;0.0
Streets;Building a resilient network;Bridges & structures;Granville North Loops;31000000;0;0;0;0.0;0;0;0;31000000;31000000.0;0.0;0.0;0.0;0.0;0.0;0.0
Streets;Building a resilient network;Bridges & structures;Granville Bridge upgrade - Seismic;11000000;0;0;0;0.0;0;0;0;11000000;10825269.17;174730.83;174730.83;0.0;0.0;0.0;0.0
Streets;Building a resilient network;Bridges & structures;Granville Bridge upgrade;4336792;0;0;0;0.0;0;0;0;4336792;4330612.76;6179.25;6179.25;0.0;0.0;0.0;0.0
Streets;Building a resilient network;Bridges & structures;Granville Bridge Coating;10200000;0;0;0;0.0;0;0;0;10200000;10200000.0;0.0;0.0;0.0;0.0;0.0;0.0
Streets;Building a resilient network;Bridges & structures;Downtown historic railway Decommissioning;93468;0;0;0;0.0;0;0;0;93468;58772.619999999995;34695.380000000005;34695.380000000005;0.0;0.0;0.0;0.0
Streets;Building a resilient network;Bridges & structures;Cambie Bridge Seismic Assessment;3300000;0;0;0;0.0;0;0;0;3300000;3297577.34;2422.66;2422.66;0.0;0.0;0.0;0.0
Streets;Building a resilient network;Bridges & structures;Cambie Bridge - Seismic;29000000;1200000;0;0;500000.0;0;0;700000;30200000;2081050.6999999997;28118949.3;7550000.0;15068949.3;5500000.0;0.0;0.0
Streets;Building a resilient network;Pavement rehabilitation;2023-2026 Local Roads rehabilitation;5000000;4000000;615000;3077000;308000.0;0;0;0;9000000;4985964.11;4000000.0;4000000.0;0.0;0.0;0.0;0.0
Streets;Building a resilient network;Pavement rehabilitation;2023-2026 Design Investigation - Streets & Structures;934000;233000;233000;0;0.0;0;0;0;1167000;784979.72;382020.28;382020.28;0.0;0.0;0.0;0.0
Streets;Building a resilient network;Pavement rehabilitation;2023-2026 Arterial Road rehabilitation;11500000;7200000;0;6080000;1120000.0;0;0;0;18700000;10164072.0;8535928.0;8535928.0;0.0;0.0;0.0;0.0
Streets;Building a resilient network;Sidewalks & pathways;2023-2026 Sidewalks rehabilitation;3700000;700000;0;700000;0.0;0;0;0;4400000;3098339.2399999998;1287624.87;1287624.87;0.0;0.0;0.0;0.0
Streets;Building a resilient network;Street lighting;;0;0;0;0;0.0;0;0;0;0;0.0;0.0;0.0;0.0;0.0;0.0;0.0
Streets;Building a resilient network;Street lighting;Underground Street Lighting Conduits;6400000;2800000;0;2523000;0.0;0;0;277000;9200000;3070851.25;6129148.75;5600000.0;529148.75;0.0;0.0;0.0
Streets;Building a resilient network;Street lighting;City Wide Street Lighting LED replacement;12600000;7000000;0;0;7000000.0;0;0;0;19600000;10942672.16;8657327.84;7657327.84;1000000.0;0.0;0.0;0.0
Streets;Building a resilient network;Street lighting;2023-2026 H-Frame replacement;3000000;1500000;0;1500000;0.0;0;0;0;4500000;2532475.52;1967524.48;1967524.48;0.0;0.0;0.0;0.0
Streets;Building a resilient network;Street lighting;2019-2022 Underground Street Lighting Conduits;7000000;0;0;0;0.0;0;0;0;7000000;6911549.68;0.0;0.0;0.0;0.0;0.0;0.0
Streets;Building a resilient network;Street lighting;2019-2022 Rehabilitation of Electrical Service Panels & Kiosks;800000;0;0;0;0.0;0;0;0;800000;800000.0;0.0;0.0;0.0;0.0;0.0;0.0
Streets;Building a resilient network;Traffic signals;2019-2022 Pedestrian & Bike Signal rehabilitation;4081780;0;0;0;0.0;0;0;0;4081780;1826967.9600000002;0.0;0.0;0.0;0.0;0.0;0.0
Streets;Building a resilient network;Traffic signals;2019-2022 New Pedestrian & Bicycle Signals;4930983;0;0;0;0.0;0;0;0;4930983;4552517.8;0.0;0.0;0.0;0.0;0.0;0.0
Streets;Building a resilient network;Vehicles & equipment;;0;0;0;0;0.0;0;0;0;0;0.0;0.0;0.0;0.0;0.0;0.0;0.0
Streets;Building a resilient network;Vehicles & equipment;2023-2026 Replacement of Vehicles & Equipment - Streets;6240000;17950000;0;0;17950000.0;0;0;0;24190000;2344219.65;21845780.35;6080780.35;8975000.0;6790000.0;0.0;0.0
Streets;Improving mobility;Active transportation corridors & complete streets;;0;0;0;0;0.0;0;0;0;0;0.0;0.0;0.0;0.0;0.0;0.0;0.0
Streets;Improving mobility;Active transportation corridors & complete streets;Drake Green Complete Street Improvements;4400000;0;0;0;0.0;0;0;0;4400000;2289589.01;2110410.99;2000000.0;110410.99000000022;0.0;0.0;0.0
Streets;Improving mobility;Active transportation corridors & complete streets;New Active Transportation improvements;5000000;8800000;0;0;0.0;3800000;0;5000000;13800000;4331622.640000001;8800000.0;4400000.0;4400000.0;0.0;0.0;0.0
Streets;Improving mobility;Active transportation corridors & complete streets;Nanaimo Street Active Transport Improvements;2800000;0;0;0;0.0;0;0;0;2800000;2800000.0;0.0;0.0;0.0;0.0;0.0;0.0
Streets;Improving mobility;Active transportation corridors & complete streets;2023-2026 Transportation Promotion;900000;750000;168559;0;0.0;581440;0;0;1650000;55068.05000000005;750000.0;750000.0;0.0;0.0;0.0;0.0
Streets;Improving mobility;Active transportation corridors & complete streets;2023-2026 Transportation Planning Studies;1400000;400000;4000;0;0.0;396000;0;0;1800000;237023.22;1486514.18;1000000.0;486514.17999999993;0.0;0.0;0.0
Streets;Improving mobility;Active transportation corridors & complete streets;2023-2026 Transportation planning & monitoring;1009103;1305000;293000;0;0.0;1012000;0;0;2314103;661161.12;1305000.0;1305000.0;0.0;0.0;0.0;0.0
Streets;Improving mobility;Active transportation corridors & complete streets;2023-2026 Transportation Design staffing;2200000;1100000;0;0;0.0;1100000;0;0;3300000;2200000.0;1100000.0;1100000.0;0.0;0.0;0.0;0.0
Streets;Improving mobility;Active transportation corridors & complete streets;2022 Climate Emergency Action Plan- Walking & Cycling-Schools;1000000;0;0;0;0.0;0;0;0;1000000;1000000.0;0.0;0.0;0.0;0.0;0.0;0.0
Streets;Improving mobility;Active transportation corridors & complete streets;2019-2022 Transportation Monitoring and ITS (Intelligent Transportation Systems) Planning;3753897;0;0;0;0.0;0;0;0;3753897;901033.44;0.0;0.0;0.0;0.0;0.0;0.0
Streets;Improving mobility;Active transportation corridors & complete streets;2019-2022 Transportation Planning Studies;2450000;0;0;0;0.0;0;0;0;2450000;2450000.0;0.0;0.0;0.0;0.0;0.0;0.0
Streets;Improving mobility;Transportation safety & accessibility;;0;0;0;0;0.0;0;0;0;0;0.0;0.0;0.0;0.0;0.0;0.0;0.0
Streets;Improving mobility;Transportation safety & accessibility;2019-2022 Zero Fatalities & Serious Injuries program;4205330;0;0;0;0.0;0;0;0;4205330;4205330.0;0.0;0.0;0.0;0.0;0.0;0.0
Streets;Supporting public life;Commercial high street corridors;West End Active Transportation Improvements;3000000;0;0;0;0.0;0;0;0;3000000;391412.85;2544940.59;2055000.0;489940.58999999985;0.0;0.0;0.0
Streets;Supporting public life;Commercial high street corridors;Gastown Complete Street Improvements;3250000;0;0;0;0.0;0;0;0;3250000;2255999.94;0.0;0.0;0.0;0.0;0.0;0.0
Streets;Supporting public life;Public gathering & place making;;0;0;0;0;0.0;0;0;0;0;0.0;0.0;0.0;0.0;0.0;0.0;0.0
Streets;Supporting public life;Public gathering & place making;Planning and research for Equity Related Initiatives;3020000;0;0;0;0.0;0;0;0;3020000;2561587.42;458412.58;458412.58;0.0;0.0;0.0;0.0
Streets;Supporting public life;Streetscape amenities;Film Power Kiosk Network;2000000;0;0;0;0.0;0;0;0;2000000;1379337.93;522269.07;400000.0;122269.07;0.0;0.0;0.0
Streets;Supporting public life;Streetscape amenities;Bike Racks + Street Furniture;400000;100000;100000;0;0.0;0;0;0;500000;0.0;500000.0;400000.0;100000.0;0.0;0.0;0.0
One Water: Potable water, rainwater & sanitary Water*;Potable water;Infrastructure renewal / Asset management;Sen̓áḵw - Water upgrades;772000;0;0;0;0.0;0;0;0;772000;772000.0;0.0;0.0;0.0;0.0;0.0;0.0
One Water: Potable water, rainwater & sanitary Water*;Potable water;Infrastructure renewal / Asset management;2025 Distribution Main Replacement;0;20200000;20200000;0;0.0;0;0;0;20200000;0.0;20200000.0;20200000.0;0.0;0.0;0.0;0.0
One Water: Potable water, rainwater & sanitary Water*;Potable water;Infrastructure renewal / Asset management;2024 Distribution Main replacement;18200000;1000000;1000000;0;0.0;0;0;0;19200000;18200000.0;1000000.0;0.0;1000000.0;0.0;0.0;0.0
One Water: Potable water, rainwater & sanitary Water*;Potable water;Infrastructure renewal / Asset management;2023-2026 Engineering Site & Investigation - Development Water Resources Management;1375000;100000;100000;0;0.0;0;0;0;1475000;916602.8500000001;558397.1499999999;558397.15;0.0;0.0;0.0;0.0
One Water: Potable water, rainwater & sanitary Water*;Potable water;Infrastructure renewal / Asset management;2023-2026 Engineering & Site Investigation;1163000;450000;450000;0;0.0;0;0;0;1613000;1009519.3499999999;603480.65;603480.65;0.0;0.0;0.0;0.0
One Water: Potable water, rainwater & sanitary Water*;Potable water;Infrastructure renewal / Asset management;2023-2026 Dedicated Fire Protection System;0;175000;175000;0;0.0;0;0;0;175000;0.0;175000.0;175000.0;0.0;0.0;0.0;0.0
One Water: Potable water, rainwater & sanitary Water*;Potable water;Infrastructure renewal / Asset management;2023-2026 Aging Hydrant replacement;1382000;500000;500000;0;0.0;0;0;0;1882000;1138982.42;743017.5800000001;743017.58;0.0;0.0;0.0;0.0
One Water: Potable water, rainwater & sanitary Water*;Potable water;Infrastructure renewal / Asset management;2023 Transmission Main renewal - Pender Street;8300000;0;0;0;0.0;0;0;0;8300000;6392170.13;1907829.8700000006;0.0;1907829.87;0.0;0.0;0.0
One Water: Potable water, rainwater & sanitary Water*;Potable water;Infrastructure renewal / Asset management;2019-2022 Pressure Reducing Valve replacement/refurbishment;2095000;0;0;0;0.0;0;0;0;2095000;2094999.9999999998;0.0;0.0;0.0;0.0;0.0;0.0
One Water: Potable water, rainwater & sanitary Water*;Potable water;Infrastructure renewal / Asset management;2019-2022 Dedicated Fire Protection System;559898;0;0;0;0.0;0;0;0;559898;505020.16;54877.85000000001;54877.850000000006;0.0;0.0;0.0;0.0
One Water: Potable water, rainwater & sanitary Water*;Potable water;Supporting growth & development *;2023-2026 New Meters To support growth;727000;0;0;0;0.0;0;0;0;727000;334864.5;392135.5;392135.5;0.0;0.0;0.0;0.0
One Water: Potable water, rainwater & sanitary Water*;Potable water;Supporting growth & development *;2019-2022 Growth Related Utility upgrades - Waterworks;7780000;0;0;0;0.0;0;0;0;7780000;6264507.37;816288.7699999999;816288.7699999999;0.0;0.0;0.0;0.0
One Water: Potable water, rainwater & sanitary Water*;Potable water;Resilience & climate adaptation;Drinking Water Demand Management Technology;7088000;1500000;1500000;0;0.0;0;0;0;8588000;3703560.4;4703146.12;3203146.12;1500000.0;0.0;0.0;0.0
One Water: Potable water, rainwater & sanitary Water*;Potable water;Resilience & climate adaptation;2023-2026 Water Conservation programs;500000;300000;300000;0;0.0;0;0;0;800000;337447.27;462552.73;462552.73;0.0;0.0;0.0;0.0
One Water: Potable water, rainwater & sanitary Water*;Potable water;Resilience & climate adaptation;2019-2022 Water Quality Monitoring;620015;0;0;0;0.0;0;0;0;620015;620015.0;0.0;0.0;0.0;0.0;0.0;0.0
One Water: Potable water, rainwater & sanitary Water*;Rainwater & sanitary water;Asset management & planning;Still Creek - rehabilitation and enhancement;225605;0;0;0;0.0;0;0;0;225605;225605.69;0.0;0.0;0.0;0.0;0.0;0.0
One Water: Potable water, rainwater & sanitary Water*;Rainwater & sanitary water;Asset management & planning;2023-2026 Utility Modeling;1309000;430000;154000;153000;0.0;123000;0;0;1739000;473413.0399999999;1265586.96;555000.0;710586.96;0.0;0.0;0.0
One Water: Potable water, rainwater & sanitary Water*;Rainwater & sanitary water;Asset management & planning;2023-2026 Sewer and Drainage planning;10501000;3500000;1199000;1199000;0.0;1102000;0;0;14001000;4849223.43;9151776.57;6150047.0;2801729.5700000003;200000.0;0.0;0.0
One Water: Potable water, rainwater & sanitary Water*;Rainwater & sanitary water;Asset management & planning;2023-2026 Rain & Ground Water monitoring;350000;850000;304000;303000;0.0;243000;0;0;1200000;345270.0;854730.0;854730.0;0.0;0.0;0.0;0.0
One Water: Potable water, rainwater & sanitary Water*;Rainwater & sanitary water;Asset management & planning;2019-2022 Utility Planning;4575000;0;0;0;0.0;0;0;0;4575000;4575000.0;0.0;0.0;0.0;0.0;0.0;0.0
One Water: Potable water, rainwater & sanitary Water*;Rainwater & sanitary water;Connections *;2019-2022 Water Commercial Connections;10251000;0;0;0;0.0;0;0;0;10251000;9241581.73;214663.64000000048;214663.64000000048;0.0;0.0;0.0;0.0
One Water: Potable water, rainwater & sanitary Water*;Rainwater & sanitary water;Connections *;2019-2022 Sewer Residential & At-Cost Connections;4230000;0;0;0;0.0;0;0;0;4230000;3228844.83;1001155.17;1001155.17;0.0;0.0;0.0;0.0
One Water: Potable water, rainwater & sanitary Water*;Rainwater & sanitary water;Connections *;2019-2022 Sewer Commercial Connections;11337000;0;0;0;0.0;0;0;0;11337000;8474028.62;2862971.74;2862971.74;0.0;0.0;0.0;0.0
One Water: Potable water, rainwater & sanitary Water*;Rainwater & sanitary water;Connections *;2019-2022 Aging Sewer Connections;7601000;0;0;0;0.0;0;0;0;7601000;1768752.1500000004;0.0;0.0;0.0;0.0;0.0;0.0
One Water: Potable water, rainwater & sanitary Water*;Rainwater & sanitary water;Core network;Green Infrastructure establishment;507238;0;0;0;0.0;0;0;0;507238;507238.0;0.0;0.0;0.0;0.0;0.0;0.0
One Water: Potable water, rainwater & sanitary Water*;Rainwater & sanitary water;Core network;Flood and Watershed Planning, Policy and Engagement;610539;0;0;0;0.0;0;0;0;610539;610539.0;0.0;0.0;0.0;0.0;0.0;0.0
One Water: Potable water, rainwater & sanitary Water*;Rainwater & sanitary water;Core network;2023-26 Drainage Studies and Outfall;5379900;760000;380000;380000;0.0;0;0;0;6139900;320880.0;5819020.0;2190000.0;3629020.0;0.0;0.0;0.0
One Water: Potable water, rainwater & sanitary Water*;Rainwater & sanitary water;Core network;2023-2026 Targeted Combined Sewer Overflow separation program - Hastings street;700000;0;0;0;0.0;0;0;0;700000;0.0;700000.0;250000.0;450000.0;0.0;0.0;0.0
One Water: Potable water, rainwater & sanitary Water*;Rainwater & sanitary water;Core network;2023-2026 Sewer upgrades to support growth- Georgia and Burrard;1000000;0;0;0;0.0;0;0;0;1000000;261748.39;738251.61;250000.0;488251.61;0.0;0.0;0.0
One Water: Potable water, rainwater & sanitary Water*;Rainwater & sanitary water;Core network;2023-2026 Sewer upgrades to support growth - Other projects;10680000;12131000;0;0;0.0;12131000;0;0;22811000;2267546.17;18202390.4;6102390.33;12100000.07;0.0;0.0;0.0
One Water: Potable water, rainwater & sanitary Water*;Rainwater & sanitary water;Core network;2023-2026 Sewer Main renewal- Dunbar Catchment area;22500000;1175000;482000;693000;0.0;0;0;0;23675000;10589994.42;13085005.58;13000000.0;85005.58000000007;0.0;0.0;0.0
One Water: Potable water, rainwater & sanitary Water*;Rainwater & sanitary water;Core network;2023-2026 Green Infrastructure renewal & upgrades - Growth projects;8600000;5250000;0;0;0.0;5250000;0;0;13850000;4976515.54;8873484.46;6795484.46;2078000.0;0.0;0.0;0.0
One Water: Potable water, rainwater & sanitary Water*;Rainwater & sanitary water;Core network;2023-2026 Green Infrastructure planning and design;6064000;2868000;0;0;0.0;2868000;0;0;8932000;5323025.94;3608974.06;3608974.06;0.0;0.0;0.0;0.0
One Water: Potable water, rainwater & sanitary Water*;Rainwater & sanitary water;Core network;2023-2026 Green Infrastructure Asset renewal;600000;300000;150000;150000;0.0;0;0;0;900000;600000.0;300000.0;300000.0;0.0;0.0;0.0;0.0
One Water: Potable water, rainwater & sanitary Water*;Rainwater & sanitary water;Core network;2023-2026 GI Establishment;190000;0;0;0;0.0;0;0;0;190000;0.0;190000.0;190000.0;0.0;0.0;0.0;0.0
One Water: Potable water, rainwater & sanitary Water*;Rainwater & sanitary water;Core network;2023-2026 Clean Water planning;5140000;1080000;457000;457000;0.0;166000;0;0;6220000;2775316.4;3444683.6;2444683.6;1000000.0;0.0;0.0;0.0
One Water: Potable water, rainwater & sanitary Water*;Rainwater & sanitary water;Core network;2023 Sewer upgrades to support growth - Oak street;22857000;0;0;0;0.0;0;0;0;22857000;18600450.700000003;4256549.299999999;4256549.299999999;0.0;0.0;0.0;0.0
One Water: Potable water, rainwater & sanitary Water*;Rainwater & sanitary water;Core network;2019-2022 Sewer Main replacement;49923557;0;0;0;0.0;0;0;0;49923557;43790859.37;4365464.330000003;1000000.0;3365464.330000003;0.0;0.0;0.0
One Water: Potable water, rainwater & sanitary Water*;Rainwater & sanitary water;Core network;2019-2022 Sewer Main & Manhole rehabilitation;522759;0;0;0;0.0;0;0;0;522759;522759.4;0.0;0.0;0.0;0.0;0.0;0.0
One Water: Potable water, rainwater & sanitary Water*;Rainwater & sanitary water;Core network;2019-2022 East Fraser Land Shoreline Protection - design/construction;2259020;0;0;0;0.0;0;0;0;2259020;2259020.0;0.0;0.0;0.0;0.0;0.0;0.0
Waste collection, diversion & disposal;Diversion;Zero waste initiatives;Zero Waste efforts - Food Waste prevention and diversion;1104892;0;0;0;0.0;0;0;0;1104892;871591.49;233300.51;208110.1;25190.410000000003;0.0;0.0;0.0
Waste collection, diversion & disposal;Diversion;Zero waste initiatives;Zero Waste Demonstration Centre Pilot;250000;0;0;0;0.0;0;0;0;250000;241235.63;8764.37000000001;8764.37000000001;0.0;0.0;0.0;0.0
Waste collection, diversion & disposal;Collection & cleaning;Collection & public realm cleaning programs;Sanitation Camera Solutions - Pilot program for Contamination Documentation;200000;0;0;0;0.0;0;0;0;200000;123.16;199876.84;199876.84;0.0;0.0;0.0;0.0
Waste collection, diversion & disposal;Collection & cleaning;Public realm infrastructure;Litter & Streetscape Recycling Cart Enclosures;3000000;0;0;0;0.0;0;0;0;3000000;2326310.27;0.0;0.0;0.0;0.0;0.0;0.0
Waste collection, diversion & disposal;Collection & cleaning;Public realm infrastructure;2023-2026 New Litter & Recycling Cans/Bins;650000;350000;350000;0;0.0;0;0;0;1000000;539184.9;460815.1;460815.1;0.0;0.0;0.0;0.0
Waste collection, diversion & disposal;Disposal;Landfill closure;;62623907;1100000;1100000;0;0.0;0;0;0;63723907;36769002.14;26954904.86;13653011.485;11709239.225;942654.1499999999;650000.0;0.0
Waste collection, diversion & disposal;Disposal;Landfill non-closure;Vancouver Landfill Closure - New Phase preparation and high traffic improvements;800000;0;0;0;0.0;0;0;0;800000;800000.0;0.0;0.0;0.0;0.0;0.0;0.0
Waste collection, diversion & disposal;Disposal;Landfill non-closure;Design, Operations and Progressive Closure Plan (DOPC) - update;500000;0;0;0;0.0;0;0;0;500000;365756.37;134243.63;134243.63;0.0;0.0;0.0;0.0
Waste collection, diversion & disposal;Disposal;Landfill non-closure;2019-2022 Routine Landfill Gas Works (Non-closure);17738532;0;0;0;0.0;0;0;0;17738532;17738532.0;0.0;0.0;0.0;0.0;0.0;0.0
Waste collection, diversion & disposal;Disposal;Transfer station;2023-2026 Maintenance & renewal of Transfer Station;8675000;0;0;0;0.0;0;0;0;8675000;4651553.57;4023446.4299999997;3773446.4299999997;250000.0;0.0;0.0;0.0
Waste collection, diversion & disposal;Disposal;Vehicles & equipment;2023-2026 Replacement of Vehicles & Equipment - Disposal;7340000;2110000;0;0;2110000.0;0;0;0;9450000;3506554.01;5943445.99;4466445.99;1055000.0;422000.0;0.0;0.0
Waste collection, diversion & disposal;Disposal;Vehicles & equipment;2023-2026 Electrification of Vehicles & Equipment - Disposal;160000;0;0;0;0.0;0;0;0;160000;128798.43;31201.57;31201.57;0.0;0.0;0.0;0.0
